keyword,sam_company,num_uei,cage,physical_address,mailing_address,entity_url,start_date,contact1,contact2,congressional_district,state_country_incorporation,match,sam_contacts,sf_company,sf_contacts,matched_company,contact_overlap
AMPX Technologies Inc.,ampx technologies inc,J1T8EM6N9AE5,81C97,"4467 Technology Drive RM 3125,College Park, Maryland,20742-0001, United States","4467 Technology DR RM 3125,College Park, Maryland,20742, United States",,"Jan 18, 2018",Alireza Khaligh,Zeyu Zhang,Maryland 04,"Maryland, United States",1,"['Alireza Khaligh', 'Zeyu Zhang']",ampx technologies inc,['Alireza Khaligh'],,['Alireza Khaligh']
"Vortex Space Systems, LLC",vortex space systems llc,M2A2NQ91DNM9,8LWZ1,"24225 Welsh RD,Gaithersburg, Maryland,20882-3929, United States","24225 Welsh RD,Gaithersburg, Maryland,20882, United States",,"Dec 31, 2018","Dennis S. Lee, Owner","Dennis S. Lee, Owner",Maryland 06,"Maryland, United States",1,['Dennis Lee'],vortex space systems llc,['Dennis Lee'],,['Dennis Lee']
"Campostella Research and Consulting, LLC",campostella research and consulting llc,YPL3PSFKSJ49,,"134 Ike DR,Alexandria, Virginia,22314-4594, United States","134 Ike DR,Alexandria, Virginia,22314-4594, United States",,"May 18, 2020",Eva M Campo,Eva M Campo,Virginia 08,"Virginia, United States",1,['Eva Campo'],campostella research and consulting llc,['Eva Campo'],,['Eva Campo']
"Smart HLPR, LLC",smart hlpr llc,GXVCMTLKZP96,88CE6,"160 Streamwood RD,Troutman, North Carolina,28166-8825, United States","160 Streamwood RD.,Troutman, North Carolina,28166, United States",,"Apr 27, 2018","Roger V Bostelman, Dr.",Roger Bostelman,North Carolina 10,"Maryland, United States",1,['Roger Bostelman'],smart hlpr llc,['Roger Bostelman'],,['Roger Bostelman']
"OraBiotech, LLC",orabiotech llc,KF5LQ1X8QF87,92NV4,"1911 Billabong LN,Chapel Hill, North Carolina,27516-9753, United States","1911 Billabong LN,Chapel Hill, North Carolina,27516-9753, United States",,"Jun 18, 2021","Rishma Shah, Dr","Rishma Shah, Dr",North Carolina 04,"North Carolina, United States",1,['Rishma Shah'],orabiotech llc,['Rishma Shah'],,['Rishma Shah']
"Resilient Lifescience, Inc.",resilient lifescience inc,TCT3X4JFLTP8,9GAD4,"100 S Commons,Pittsburgh, Pennsylvania,15212-5359, United States","100 S Commons,#102,Pittsburgh, Pennsylvania,15212, United States",https://www.resilient.bio/,"Apr 22, 2022","Bradford Holden, CEO","Bradford Holden, CEO",Pennsylvania 12,"Delaware, United States",1,['Bradford Holden'],resilient lifescience inc,['Bradford Holden'],,['Bradford Holden']
"PFF, LLC",pff llc,P25AZ6WDJ589,7SXE9,"7811 Hubble DR,Lanham, Maryland,20706-2494, United States","7811 Hubble DR,Lanham, Maryland,20706-2494, United States",,"Nov 16, 2016","Cassandra Lacey, CEO","Cassandra Lacey, CEO",Maryland 04,"Maryland, United States",1,['Cassandra Lacey'],pff llc,['Cassandra Lacey'],,['Cassandra Lacey']
"Second Star Robotics, LLC",second star robotics llc,U1NSNPBC3J14,8SAS7,"2333 Distribution CIR,Silver Spring, Maryland,20910-1261, United States","2333 Distribution CIR,Silver Spring, Maryland,20910-1261, United States",https://www.secondstarrobotics.com/,"Sep 1, 2019","Eric Berkenpas, Partner","Eric Berkenpas, Partner",Maryland 08,"Virginia, United States",1,['Eric Berkenpas'],second star robotics llc,['Eric Berkenpas'],,['Eric Berkenpas']
"Freshmeet U., Inc",freshmeet u inc,HV1DC9MV4F17,939Y3,"20 Goldsborough WAY,Reisterstown, Maryland,21136-6443, United States","20 Goldsborough WAY,Reisterstown, Maryland,21136-6443, United States",https://www.freshmeetu.com/who-is-fmu/,"Sep 1, 2014","Crystal Smith, Partner","Crystal Smith, Partner",Maryland 02,"Maryland, United States",1,['Crystal Smith'],freshmeet u inc,['Crystal Smith'],,['Crystal Smith']
"miRecule, Inc.",mirecule inc,D2DDKPAALJR3,7KWU3,"704 Quince Orchard RD,Gaithersburg, Maryland,20878-1751, United States","704 Quince Orchard RD,Suite 140,Gaithersburg, Maryland,20878-1751, United States",,"Feb 6, 2016","Anthony D Saleh, CEO","Anthony D Saleh, CEO",Maryland 06,"Maryland, United States",1,['Anthony Saleh'],mirecule inc,['Anthony Saleh'],,['Anthony Saleh']
"Sonavex, Inc.",sonavex inc,EFQ8AGCC5HK7,70ZR7,"2835 Odonnell ST,STE 200,Baltimore, Maryland,21224-4994, United States","2835 O'donnell ST,Suite 200,Baltimore, Maryland,21224-4994, United States",,"Mar 2, 2015",David Narrow,David Narrow,Maryland 07,"Delaware, United States",1,['David Narrow'],sonavex inc,['David Narrow'],,['David Narrow']
"AGAPE Strategic Solutions of Maryland, LLC",agape strategic solutions of maryland llc,RQVUQQ9T9MT6,9KY65,"3102 Tribune CT,Hyattsville, Maryland,20782-2977, United States","3102 Tribune CT,Hyattsville, Maryland,20782-2977, United States",https://www.agapessom.com/,"Nov 23, 2022","Melva T Covington, Dr","Melva T Covington, Dr",Maryland 04,"Maryland, United States",1,['Melva Covington'],agape strategic solutions of maryland llc,['Melva Covington'],,['Melva Covington']
Tetra Fields LLC,tetra fields llc,FCKARMCJLC51,8J2G0,"13308 Arctic AVE,Rockville, Maryland,20853-3012, United States","13308 Arctic AVE,Rockville, Maryland,20853-3012, United States",https://www.tetrafields.com/,"Feb 24, 2020","Thomas W Chon, Chief Executive Officer","Steve K Chon, Chief Operating Officer",Maryland 08,"Maryland, United States",1,"['Steve Chon', 'Thomas Chon']",tetra fields llc,['Thomas Chon'],,['Thomas Chon']
Red Ace Bio LLC,red ace bio llc,E58LVNGXNLK3,,"1819 E Branch RD,State College, Pennsylvania,16801-7036, United States","1819 E Branch RD,State College, Pennsylvania,16801-7036, United States",https://www.redacebio.com/,"Nov 15, 2023","Scott M Leighow, Dr.","Scott M Leighow, Dr.",Pennsylvania 15,"Pennsylvania, United States",1,['Scott Leighow'],red ace bio llc,['Scott Leighow'],,['Scott Leighow']
"Beyond Reach Labs, Inc.",beyond reach labs inc,L4UYZ7S8RFP9,9RJU8,"5 Bayard RD APT 810,Pittsburgh, Pennsylvania,15213-1907, United States","5 Bayard RD APT 810,Pittsburgh, Pennsylvania,15213-1907, United States",https://www.beyondreachlabs.io/,"Nov 29, 2023",Mitchell Fogelson,Mitchell Fogelson,Pennsylvania 12,"Delaware, United States",1,['Mitchell Fogelson'],beyond reach labs inc,['Mitchell Fogelson'],,['Mitchell Fogelson']
"Flourish and Thrive Labs, LLC",flourish and thrive labs llc,YY7YBLR4LX35,9EWJ9,"140 Mallard Court,Grayslake, Illinois,60030-3411, United States","75 Commerce DR #692,Grayslake, Illinois,60030-9998, United States",https://www.fandtlabs.com/,"Jul 16, 2018","Jefferson E McMillan-Wilhoit, Mr","Juliana M McMillan-Wilhoit, Ms.",Illinois 10,"Illinois, United States",1,"['Jefferson McMillan', 'Juliana McMillan']",flourish and thrive labs llc,['Jefferson McMillan'],,['Jefferson McMillan']
"Fzata, Inc.",fzata inc,SLGDVHJS1Y85,7HCP9,"1450 S Rolling RD,Halethorpe, Maryland,21227-3863, United States","1450 S Rolling RD,Halethorpe, Maryland,21227-3863, United States",,"Oct 6, 2015","Zhiyong Yang, CEO","Zhiyong Yang, CEO",Maryland 07,"Delaware, United States",1,['Zhiyong Yang'],fzata inc,['Zhiyong Yang'],,['Zhiyong Yang']
"PediaMetrix, Inc",pediametrix inc,M41ALBKWRKL5,81WG5,"155 Gibbs ST, Unit 537,Rockville, Maryland,20850-0393, United States","155 Gibbs ST STE 537,Rockville, Maryland,20850-0393, United States",,"Jan 23, 2018","Fereshteh Aalamifar, Dr",Reza Seifabadi,Maryland 08,"Delaware, United States",1,"['Fereshteh Aalamifar', 'Reza Seifabadi']",pediametrix inc,"['Fereshteh Aalamifar', 'Reza Seifabadi']",,"['Fereshteh Aalamifar', 'Reza Seifabadi']"
SeeHear LLC,seehear llc,NNGGL4HBEAW1,6XM87,"1716 N Danville ST,Arlington, Virginia,22201-4034, United States","1716 N Danville ST,Arlington, Virginia,22201-4034, United States",https://seehear.us/,"Jun 5, 2013",Silvio P Eberhardt,Silvio P Eberhardt,Virginia 08,"Virginia, United States",1,['Silvio Eberhardt'],seehear llc,['Silvio Eberhardt'],,['Silvio Eberhardt']
"Stocastic, LLC",stocastic llc,L291S2FT3X95,7HMG4,"629 S Belnord AVE,Baltimore, Maryland,21224-3804, United States","629 S Belnord AVE,Baltimore, Maryland,21224-3804, United States",https://www.stocastic.com/,"Oct 8, 2015",Eric Hamrock,Eric Hamrock,Maryland 07,"Delaware, United States",1,['Eric Hamrock'],stocastic llc,['Eric Hamrock'],,['Eric Hamrock']
Nostopharma LLC,nostopharma llc,FKVPNPQK64H8,7ZZH1,"7600 Coddle Harbor LN,Potomac, Maryland,20854-3251, United States","7600 Coddle Harbor LN,Potomac, Maryland,20854-3251, United States",,"Oct 1, 2016",Jelena Jeremic,Jelena Jeremic,Maryland 08,"Maryland, United States",1,['Jelena Jeremic'],nostopharma llc,['Jelena Jeremic'],,['Jelena Jeremic']
"Epigenos Bioscience, INC",epigenos bioscience inc,LDDWVYDKFZ33,87GA9,"128 Hunters Ridge RD,Chapel Hill, North Carolina,27517-9017, United States","128 Hunters Ridge RD,Chapel Hill, North Carolina,27517-9017, United States",,"Oct 29, 2018",Joseph Ruiz,Joseph Ruiz,North Carolina 04,"Delaware, United States",1,['Joseph Ruiz'],epigenos bioscience inc,['Joseph Ruiz'],,['Joseph Ruiz']
Word of Mouth Technologies Inc,word of mouth technologies inc,FF13BNHWLH18,8Z3B9,"3960 Spencer ST,Las Vegas, Nevada,89119-5201, United States","2664 West Park DR,Baltimore, Maryland,21207-6042, United States",,"Jul 17, 2020","Margaret C Smith, Director","Margaret C Smith, Director",Nevada 01,"Nevada, United States",1,['Margaret Smith'],word of mouth technologies inc,['Margaret Smith'],,['Margaret Smith']
Green Mechanics Benefit LLC,green mechanics benefit llc,MPV1C4YKNHE8,9DS37,"115 Centerway,Greenbelt, Maryland,20770-1836, United States","3947 Nemo Road,Randallstown, Maryland,20770, United States",https://greenmechanics.co/,"Apr 11, 2019",Larry Davis,Larry Davis,Maryland 04,"Maryland, United States",1,['Larry Davis'],green mechanics benefit llc,['Larry Davis'],,['Larry Davis']
"N5 Sensors, Inc.",n5 sensors inc,DPHWXD86RNS4,6NMY3,"9605 Medical CTR DR,STE 200,Rockville, Maryland,20850-6359, United States","9605 Medical Center DR STE 200,Rockville, Maryland,20850-6356, United States",http://www.n5sensors.com/,"Jan 26, 2012",Abhishek Motayed,Abhishek Motayed,Maryland 08,"Maryland, United States",1,['Abhishek Motayed'],n5 sensors inc,"['Jonathan George', 'Abhishek Motayed']",,['Abhishek Motayed']
UCleaner L.L.C.,ucleaner llc,PP19DXAKLRD4,9WZY4,"6751 Columbia Gateway DR STE 300,Columbia, Maryland,21046-3138, United States","1405 S Fern ST,#524,Arlington, Virginia,22202, United States",,"Aug 3, 2022",Sam Choe,Sam Choe,Maryland 03,"Virginia, United States",1,['Sam Choe'],ucleaner llc,"['Sam Choe', 'Robert Choe']",,['Sam Choe']
PrecNA LLC,precna llc,YS3CA2D413F5,97WS7,"14724 Latakia PL,North Potomac, Maryland,20878-2545, United States","14724 Latakia Place,North Potomac, Maryland,20878-2545, United States",https://www.precna.com/,"Jun 24, 2021",Michael Gaitan,Michael Gaitan,Maryland 08,"Maryland, United States",1,['Michael Gaitan'],precna llc,['Michael Gaitan'],,['Michael Gaitan']
"Ambay Immune Sensors and Controls, LLC",ambay immune sensors and controls llc,YJKMSJL1EJ75,59LH5,"20140 Scholar DR STE 118,Hagerstown, Maryland,21742-6548, United States","20140 Scholar DR STE 118,Hagerstown, Maryland,21742-6548, United States",,"Jan 22, 2008",Meena Chandok,Meena Chandok,Maryland 06,"Maryland, United States",1,['Meena Chandok'],ambay immune sensors and controls llc,['Meena Chandok'],,['Meena Chandok']
"Auxergen, Inc.",auxergen inc,NMGCN8XX49C7,8LXF6,"701 E Pratt ST,STE 4011,Baltimore, Maryland,21202-3183, United States","701 E Pratt ST STE 4011,Baltimore, Maryland,21202-3183, United States",https://auxergen.com/,"Jul 22, 2015","Gregory P Contreras, CEO","Gregory P Contreras, CEO",Maryland 07,"Delaware, United States",1,['Gregory Contreras'],auxergen inc,['Gregory Contreras'],,['Gregory Contreras']
PZA innovation LLC,pza innovation llc,FNB4LENH6JW7,8RX88,"403 Far Hills CT,Towson, Maryland,21286-7319, United States","403 Far Hills CT,Towson, Maryland,21286, United States",,"Oct 16, 2020",Wanliang Shi,Wanliang Shi,Maryland 02,"Maryland, United States",1,['Wanliang Shi'],pza innovation llc,['Wanliang Shi'],,['Wanliang Shi']
"Drakeford, Scott, & Associates LLC",drakeford scott  associates llc,V8YFMSSK77N8,8AEX8,"15340 Palmer RD,Marston, North Carolina,28363-8310, United States","6409 Fayetteville ST #120-129,Durham, North Carolina,27713-7806, United States",http://www.drakefordassociates.org/,"Jun 25, 2007","Derrick Drakeford, Dr.",DERRICK DRAKEFORD,North Carolina 09,"North Carolina, United States",1,"['DERRICK DRAKEFORD', 'Derrick Drakeford']",drakeford scott  associates llc,['Derrick Drakeford'],,['Derrick Drakeford']
"Intraderm, LLC",intraderm llc,M3USP5FEM621,7RXQ4,"2657G Annapolis RD STE 107,Hanover, Maryland,21076-1262, United States","2657G Annapolis RD STE 107,Hanover, Maryland,21076-1262, United States",,"Mar 27, 2012","Melanie L Adams, Owner","Melanie L Adams, Owner",Maryland 03,"Maryland, United States",1,['Melanie Adams'],intraderm llc,['Melanie Adams'],,['Melanie Adams']
Epsilon Innovation Group Inc.,epsilon innovation group inc,ML66M68KB839,6SVJ6,"11343 Baroque RD,Silver Spring, Maryland,20901-5014, United States","455 Massachusetts AVE NW #165,Washington Dc, District Of Columbia,20001, United States",,"Jun 14, 2012",Asmerom M Gilau,Asmerom Gilau,Maryland 08,"Maryland, United States",1,['Asmerom Gilau'],epsilon innovation group inc,['Asmerom Gilau'],,['Asmerom Gilau']
Error Corp.,error corp,UAQADPJ23Q97,93KS0,"4405 E West HWY,STE 410,Bethesda, Maryland,20814-4535, United States","4405 East West HWY,Suite 410,Bethesda, Maryland,20814-4522, United States",,"Feb 7, 2020",Dennis Lucarelli,Dennis Lucarelli,Maryland 08,"Delaware, United States",1,['Dennis Lucarelli'],error corp,['Dennis Lucarelli'],,['Dennis Lucarelli']
"Act2End, LLC",act2end llc,X8E8G4KQVSD3,9H7B7,"1190 West Northern Parkway,APT 910,Baltimore, Maryland,21210-1458, United States","1190 West Northern Parkway,APT 910,Baltimore, Maryland,21210, United States",https://www.act2endcoaching.com/,"May 16, 2022","Diandra Poe, Dr.","Diandra Poe, Dr.",Maryland 02,"Maryland, United States",1,['Diandra Poe'],act2end llc,['Diandra Poe'],,['Diandra Poe']
Ballmecca Inc.,ballmecca inc,DLPVMSGG4KJ7,9FWX3,"4709 Harford Road #163,Baltimore, Maryland,21214-3261, United States","4709 Harford Road #163,Baltimore, Maryland,21214-3261, United States",https://ballmecca.com/,"Oct 1, 2022","Enmanuel Madera, CEO","Enmanuel Madera, CEO",Maryland 07,"Delaware, United States",1,['Enmanuel Madera'],ballmecca inc,['Enmanuel Madera'],,['Enmanuel Madera']
QubitSolve Inc.,qubitsolve inc,R7ATY9SFJ241,9D5F4,"781 Chestnut Ridge RD STE 1000,Morgantown, West Virginia,26505-0013, United States","2006 White Oak DR,Morgantown, West Virginia,26505, United States",https://www.qubitsolve.com/,"May 4, 2022","Madhava Syamlal, CEO","Madhava Syamlal, CEO",West Virginia 02,"Delaware, United States",1,['Madhava Syamlal'],qubitsolve inc,['Madhava Syamlal'],,['Madhava Syamlal']
"NextStep Robotics, Inc.",nextstep robotics inc,F896MG5LQ6R4,7VBK2,"800 W Baltimore ST,STE 151,Baltimore, Maryland,21201-1158, United States","800 W Baltimore ST,Suite 151,Baltimore, Maryland,21201, United States",https://www.nextsteprobo.com/,"Feb 2, 2017",Bradley Hennessie,Bradley Hennessie,Maryland 07,"Maryland, United States",1,['Bradley Hennessie'],nextstep robotics inc,['Bradley Hennessie'],,['Bradley Hennessie']
"Scaled Microbiomics, LLC",scaled microbiomics llc,RXBHU5F1N5B8,7YHN1,"706 Morningside AVE,Hagerstown, Maryland,21740-5071, United States","706 Morningside AVE,Hagerstown, Maryland,21740-5071, United States",,"Feb 14, 2017",Julius G Goepp,Julius G Goepp,Maryland 06,"Maryland, United States",1,['Julius Goepp'],scaled microbiomics llc,['Julius Goepp'],,['Julius Goepp']
"Djit Medtech, Inc.",djit medtech inc,KU2RRLE13PT7,9FMQ2,"1628 Bolton ST,Baltimore, Maryland,21217-5496, United States","1628 Bolton Street,Baltimore, Maryland,21217-5496, United States",https://djit-medtech.com/,"Jul 11, 2022","Marcia Hart, CEO","Marcia Hart, CEO",Maryland 07,"Maryland, United States",1,['Marcia Hart'],djit medtech inc,['Marcia Hart'],,['Marcia Hart']
"Quantum Sensor Technologies, LLC",quantum sensor technologies llc,PWTULSNA3WW5,9WYS3,"6401 Enchanted Solitude PL,Columbia, Maryland,21044-6024, United States","6401 Enchanted Solitude PL,Columbia, Maryland,21044-6024, United States",,"Feb 12, 2024",Birol Ozturk,Birol Ozturk,"Maryland, United States",Maryland 03,0,['Birol Ozturk'],quantum sensor technologies llc,['Birol Ozturk'],,['Birol Ozturk']
Zenith Data Solutions LLC,zenith data solutions llc,YJ8WB14NXM79,06V34,"20454 Summersong LN,Germantown, Maryland,20874-3937, United States","20454 Summersong LN,Germantown, Maryland,20874, United States",,"Jul 18, 2024",Sina Faridimehr,Ashkan Zakaryazad,"Maryland, United States",Maryland 06,0,"['Ashkan Zakaryazad', 'Sina Faridimehr']",zenith data solutions llc,['Ashkan Zakaryazad'],,['Ashkan Zakaryazad']
Lightwork Publishing LLC,lightwork publishing llc,H4TDZGHLH5U6,9ZK59,"690 Custis ST,Aberdeen, Maryland,21001-3008, United States","1013 Beards Hill RD,STE 198,Aberdeen, Maryland,21001-2293, United States",https://www.lightworkenterprise.com/,"Mar 3, 2020","Shannon E Collins, Mrs.","Gregory A Collins, Mr.","Maryland, United States",Maryland 01,0,"['Shannon Collins', 'Gregory Collins']",lightwork publishing llc,['Shannon Collins'],,['Shannon Collins']
The Digital Health & Wellness Institute LLC,the digital health  wellness institute llc,FDDZT4RJUDW3,(blank),"3401 Nevius ST,Falls Church, Virginia,22041-1713, United States","3401 Nevius ST,Falls Church, Virginia,22041-1713, United States",,"Nov 1, 2023",Raad Khan,Raad Khan,"Virginia, United States",Virginia 08,0,['Raad Khan'],the digital health  wellness institute llc,['Raad Khan'],,['Raad Khan']
NDN International LLC,ndn international llc,MV1NBEFN6B27,8TY35,"12016 Great Elm DR,Potomac, Maryland,20854-1229, United States","12016 Great Elm DR,Potomac, Maryland,20854, United States",,"Aug 13, 2018","Naa D Nyanin, Founder & CEO","Naa D Nyanin, Founder & CEO","Maryland, United States",Maryland 08,0,['Naa Nyanin'],ndn international llc,['Naa Nyanin'],,['Naa Nyanin']
Ariciano LLC,vizulingo,HDU5ZNBABLZ1,(blank),"1206 Hammon AVE,Ephrata, Pennsylvania,17522-2918, United States","1206 Hammon AVE,Ephrata, Pennsylvania,17522-2918, United States",https://vizulingo.com/,"Jan 16, 2020","Mark Murphy, CEO","Mark Murphy, CEO","Delaware, United States",Pennsylvania 11,0,['Mark Murphy'],vizulingo,['Mark Murphy'],,['Mark Murphy']
OtherWordly LLC,otherwordly llc,DRH5TCVN98N3,9CAH3,"7804 Garland AVE,Takoma Park, Maryland,20912-7712, United States","7804 Garland AVE,Takoma Park, Maryland,20912, United States",https://www.otherwordly.com/,"Jul 14, 2022",Michael Douma,Michael Douma,"Maryland, United States",Maryland 08,0,['Michael Douma'],otherwordly llc,['Michael Douma'],,['Michael Douma']
"ACUITYnano, LLC",acuitynano llc,CW25TE29MQD3,6WLV3,"10300 Strathmore Hall ST APT 408,Rockville, Maryland,20852-6680, United States","5425 Wisconsin Avenue,Suite 600,Chevy Chase , Maryland,20815, United States",https://www.acuitynano.com/,"May 6, 2013","Roland Probst, Dr.","Roland Probst, Dr.","Maryland, United States",Maryland 08,0,['Roland Probst'],acuitynano llc,['Roland Probst'],,['Roland Probst']
Paterson Aerospace Systems Corp.,paterson aerospace systems corp,DGCPBJ9UAE21,9H2E6,"10708 Norbourne Farm RD,1401,Upper Marlboro, Maryland,20772-4698, United States","10708 Norbourne Farm RD,Upper Marlboro, Maryland,20772, United States",https://patersonaerospace.com/,"Jul 7, 2022",Kaylon Paterson,Kaylon Paterson,"Delaware, United States",Maryland 05,0,['Kaylon Paterson'],paterson aerospace systems corp,['Kaylon Paterson'],,['Kaylon Paterson']
Obeidi LLC,obeidi llc,JFLMZN5WVUN8,7LTH9,"1742 Abbey Oak DR,Vienna, Virginia,22182-1901, United States","8225 Honeysuckle RD,Manassas, Virginia,20112, United States",,"May 2, 2011",Aaron McLaughlin,Aaron McLaughlin,"Virginia, United States",Virginia 11,0,['Aaron McLaughlin'],obeidi llc,['Aaron McLaughlin'],,['Aaron McLaughlin']
BSS Technologies Inc.,bss technologies inc,XTLVMBBNQ877,9CME3,"7307 Baltimore AVE,Takoma Park, Maryland,20912-4137, United States","7307 Baltimore AVE,Takoma Park, Maryland,20912-4137, United States",,"Sep 18, 2016","William Sandberg, President","William Sandberg, President","Maryland, United States",Maryland 08,0,['William Sandberg'],bss technologies inc,['William Sandberg'],,['William Sandberg']
NewCopper LLC,newcopper llc,PYQ6FYUU9DF1,(blank),"9308 Cherry Hill RD APT 227,College Park, Maryland,20740-1220, United States","9308 Cherry Hill RD APT 227,College Park, Maryland,20740-1220, United States",,"Nov 16, 2023","Shenqiang Ren, Founder","Shenqiang Ren, Founder","Maryland, United States",Maryland 04,0,['Shenqiang Ren'],newcopper llc,['Shenqiang Ren'],,['Shenqiang Ren']
"SmartBridge, Inc.",smartbridge inc,MKB1Y6QNVCE7,8HSS3,"400 Cameron STA BLVD STE 323,Alexandria, Virginia,22304-8229, United States","110 Gibbon Street,Alexandria, Virginia,22314, United States",https://www.smartbridgehealth.com/,"Jul 7, 2016",Hua Wang,Hua Wang,"Delaware, United States",Virginia 08,0,['Hua Wang'],smartbridge inc,['Hua Wang'],,['Hua Wang']
"BioBind, Inc.",biobind inc,C1CFE79BEWH6,8GY04,"4620 Henry ST,Oakland, Pennsylvania,15213-3715, United States","4620 Henry ST,Pittsburgh, Pennsylvania,15213-3715, United States",,"Dec 26, 2019",Brian Holt,Brian Holt,"Delaware, United States",Pennsylvania 12,0,['Brian Holt'],biobind inc,"['Brian Holt', 'Anne Arnold']",,['Brian Holt']
Genetoo Inc.,genetoo inc,L72DWU8DNPX1,80JW3,"9841 Washingtonian BLVD STE 200,Gaithersburg, Maryland,20878-7350, United States","9841 Washingtonian BLVD,#200,Gaithersburg, Maryland,20878-5333, United States",http://www.genetoo.com/,"Mar 28, 2017","Christopher Whitman, CEO","Christopher Whitman, CEO","Delaware, United States",Maryland 06,0,['Christopher Whitman'],genetoo inc,['Christopher Whitman'],,['Christopher Whitman']
Brian Jordan,brian jordan,X3BGSK661GQ3,9ZK55,"19261 Nuthatch ST,Perris, California,92570-6520, United States","19261 Nuthatch ST,Perris, California,92570, United States",,"Jan 5, 2005","Kenya Y Jackson Jordan, Operations Manager","Brian E Jordan, Owner/CEO","(blank), (blank)",California 39,0,"['Kenya Jackson', 'Brian Jordan']",brian jordan,['Brian Jordan'],,['Brian Jordan']
"Quantum Senses, LLC",quantum senses llc,N7FNYK656DP9,9SMF5,"13701 Hebron LN,Upper Marlboro, Maryland,20774-8462, United States","13701 Hebron LN,Upper Marlboro, Maryland,20774-8462, United States",https://theearcoustic.com/,"Jul 30, 2021","Justin Lee, CEO","Justin Lee, CEO","Maryland, United States",Maryland 05,0,['Justin Lee'],quantum senses llc,['Justin Lee'],,['Justin Lee']
Humimic Biosystems LLC,humimic biosystems llc,TEN8SS2H6NZ4,9W0M0,"14 E Martin Luther King Jr BLVD,Fayetteville, Arkansas,72701-6501, United States","14 E Martin Luther King Jr BLVD,Fayetteville, Arkansas,72701-6501, United States",,"Dec 22, 2023","Alexis P Applequist, Co-Founder and CEO","Alexis P Applequist, Co-Founder and CEO","Arkansas, United States",Arkansas 03,0,['Alexis Applequist'],humimic biosystems llc,['Alexis Applequist'],,['Alexis Applequist']
"Electro-Media Design, Ltd.",electromedia design ltd,FRDDXKG3BDJ9,07EP7,"973 Russell AVE,STE C,Gaithersburg, Maryland,20879-3292, United States","973 Russell AVE STE C,Gaithersburg, Maryland,20879-3292, United States",http://www.electro-media.com/,"Jan 1, 1990",Robert C Hendricks,Robert Hendricks,"Maryland, United States",Maryland 06,0,['Robert Hendricks'],electromedia design ltd,['Robert Hendricks'],,['Robert Hendricks']
RemBac Environmental,rembac environmental llc,ESU1JMK4DYJ4,8CCL6,"3140 Edgewood RD,Ellicott City, Maryland,21043-3420, United States","3140 Edgewood RD,Ellicott City, Maryland,21043-3420, United States",https://www.rembac.com/,"Aug 31, 2017",Kevin R Sowers,Kevin R Sowers,Maryland 03,"Maryland, United States",1,['Kevin Sowers'],rembac environmental,['Kevin Sowers'],rembac environmental,['Kevin Sowers']
Syzygy Optics Inc.,syzygy optics llc,EVVCNB5YZUS3,,"536 Meadow Run,Chapel Hill, North Carolina,27517-8022, United States","536 Meadow Run,Chapel Hill, North Carolina,27517, United States",,"Jan 7, 2010",Mike Sullivan,Mike Sullivan,North Carolina 09,"North Carolina, United States",1,['Mike Sullivan'],syzygy optics inc,['Mike Sullivan'],syzygy optics inc,['Mike Sullivan']
Ionic Devices,ionic devices inc,WKDMT9PHX1N7,,"3417 Tulane DR APT 2,Hyattsville, Maryland,20783-1832, United States","3417 Tulane DR APT 2,Hyattsville, Maryland,20783-1832, United States",https://www.ionic-devices.com/,"Feb 22, 2023","Keith E Gregorczyk, CEO","Keith E Gregorczyk, CEO",Maryland 04,"Maryland, United States",1,['Keith Gregorczyk'],ionic devices,['Keith Gregorczyk'],ionic devices,['Keith Gregorczyk']
Armaments Research Company,armaments research company inc,F6KMMJAFFB47,7VYH2,"6422 Broad ST,Bethesda, Maryland,20816-2608, United States","4445 Willard AVE STE 600,Chevy Chase , Maryland,20815, United States",http://www.armaments.us/,"Sep 8, 2013",Michael Canty,Michael Canty,Maryland 08,"Delaware, United States",1,['Michael Canty'],armaments research company,['Michael Canty'],armaments research company,['Michael Canty']
True Bearing Diagnostics,true bearing diagnostics inc,E6K4D6DGCD65,7XEW3,"2450 Virginia AVE NW APT E117,Washington, District Of Columbia,20037-2651, United States","2450 Virginia AVE, NW,Suite E117,Washington, District Of Columbia,20037, United States",https://www.truebearingdiagnostics.com/,"May 17, 2017","Tisha Jepson, CEO","Tisha Jepson, CEO",District Of Columbia 98,"Delaware, United States",1,['Tisha Jepson'],true bearing diagnostics,['Tisha Jepson'],true bearing diagnostics,['Tisha Jepson']
Lasarrus Clinic and Research Center,lasarrus clinic and research center inc,DD7BUVZK2EN8,6XZ47,"634 Kittendale CIR,Baltimore, Maryland,21220-2330, United States","634 Kittendale CIR,Baltimore, Maryland,21220-2330, United States",https://www.lasarrus.com/,"Jun 27, 2013","Lloyd Emokpae, Dr.","Lloyd Emokpae, Dr.",Maryland 02,"Maryland, United States",1,['Lloyd Emokpae'],lasarrus clinic and research center,['Lloyd Emokpae'],lasarrus clinic and research center,['Lloyd Emokpae']
SpringGem Weather Information,springgem weather information llc,FFFNG83J2BB8,848Q0,"10804 Tuckahoe WAY,North Potomac, Maryland,20878-4295, United States","10804 Tuckahoe WAY,North Potomac, Maryland,20878-4295, United States",http://www.sg-weather.com/,"Mar 17, 2017","Menglin S Jin, ceo","Menglin S Jin, ceo",Maryland 08,"Maryland, United States",1,['Menglin Jin'],springgem weather information,['Menglin Jin'],springgem weather information,['Menglin Jin']
Integrated Pharma Services,integrated pharma services llc,VCPJA4KNKQ54,82Z65,"4 Research CT STE 100,Rockville, Maryland,20850-3854, United States","4 Research CT.,Suite 100,Rockville, Maryland,20850-3854, United States",https://www.integratedpharmaservices.com/,"Mar 1, 2018","Mina Izadjoo, President","Mina Izadjoo, President",Maryland 08,"Maryland, United States",1,['Mina Izadjoo'],integrated pharma services,['Mina Izadjoo'],integrated pharma services,['Mina Izadjoo']
You Heal With Horticulture,you heal with horticulture llc,RFGGXKD7RT17,9U2U8,"330 S Morris ST,APT M,Snow Hill, Maryland,21863-1134, United States","330 S Morris ST,M,Snow Hill, Maryland,21863-1134, United States",,"Jul 19, 2018","Ebony Jenkins, Owner","Ebony Jenkins, Owner",Maryland 01,"Maryland, United States",1,['Ebony Jenkins'],you heal with horticulture,['Ebony Jenkins'],you heal with horticulture,['Ebony Jenkins']
Sustainabli,sustainabli llc,R8MNZ353X632,,"6449 River Run,Columbia, Maryland,21044-6022, United States","6449 River Run,Columbia, Maryland,21044, United States",https://sustainabli.org/,"May 3, 2023",Kevin J Tu,Kevin J Tu,Maryland 03,"Maryland, United States",1,['Kevin Tu'],sustainabli,['Kevin Tu'],sustainabli,['Kevin Tu']
XpeRience Science,xperience science llc,ZG1ESGHLVBY7,9K5P5,"1114 Many LN,Bel Air, Maryland,21014-2588, United States","317 Amore Lane,APT L,Bel Air, Maryland,21015, United States",https://xperiencesci.com/,"Jun 9, 2022","Jared B DeCoste, Dr.","Jared B DeCoste, Dr.",Maryland 01,"Maryland, United States",1,['Jared DeCoste'],xperience science,['Jared DeCoste'],xperience science,['Jared DeCoste']
ACTIVECharge,activecharge llc,KY1QMG9XBHZ9,8EFD0,"1450 S Rolling RD,Halethorpe, Maryland,21227-3863, United States","1450 S Rolling RD,Halethorpe, Maryland,21227, United States",https://activecharge.us/,"Oct 31, 2018",Pranay Kohli,Pranay Kohli,Maryland 07,"Delaware, United States",1,['Pranay Kohli'],activecharge,"['Hyun Jun Jung', 'Pranay Kohli']",activecharge,['Pranay Kohli']
Blimp Logistics,blimp logistics inc,FPN6NRF65AS1,8RL81,"9011 Gettysburg LN,College Park, Maryland,20740-4017, United States","9011 Gettysburg LN,College Park, Maryland,20740-4017, United States",https://blimplogistics.com/,"Aug 11, 2020","Camilo B Melnyk, CEO","Camilo B Melnyk, CEO",Maryland 04,"Maryland, United States",1,['Camilo Melnyk'],blimp logistics,['Camilo Melnyk'],blimp logistics,['Camilo Melnyk']
Virtual Apprentice,virtual apprentice llc,MM2US7CH16A7,8E4T9,"1 Research CT,STE 450,Rockville, Maryland,20850-6252, United States","1 Research CT STE 450,Rockville, Maryland,20850-6252, United States",https://www.virtualapprentice.net/,"Jul 11, 2019","Ellie Giles, Dr","Ellie Giles, Founder",Maryland 08,"Maryland, United States",1,['Ellie Giles'],virtual apprentice,['Ellie Giles'],virtual apprentice,['Ellie Giles']
Scinetics,scinetics inc,MWCXWZ6LWMF9,6WHS7,"2915 Islay CT,Abingdon, Maryland,21009-3140, United States","2915 Islay CT,Abingdon, Maryland,21009-3140, United States",https://www.scineticsinc.com/,"May 4, 2018","Amy E. Gair, COO","Jeffrey L Gair, CEO",Maryland 01,"Maryland, United States",1,"['Amy Gair', 'Jeffrey Gair']",scinetics,['Jeffrey Gair'],scinetics,['Jeffrey Gair']
ReflectAR,mimocloud inc,KS8VTNJSQ1D6,66K86,"9304 Belle Terre WAY,Potomac, Maryland,20854-4642, United States","9304 Belle Terre WAY,Potomac, Maryland,20854-4642, United States",,"Sep 4, 2010","Tejbir S Phool, Mr.","Tejbir S Phool, Mr.","Delaware, United States",Maryland 08,0,['Tejbir Phool'],mimocloud,['Tejbir Phool'],mimocloud,['Tejbir Phool']
"InovCares Connected Comprehensive Healthcare, LLC",inovcares connected comprehensive healthcare corp,DSWGNNZEKSK3,9AL96,"1517 Huntington LN,Cleveland Heights, Ohio,44118-1534, United States","1517 Huntington LN,Cleveland Heights, Ohio,44118, United States",https://www.inovcares.com/,"Oct 27, 2023","Mohamed A Kamara, CEO","Mohamed A Kamara, CEO","Delaware, United States",Ohio 11,0,['Mohamed Kamara'],inovcares connected comprehensive healthcare llc,['Mohamed Kamara'],inovcares connected comprehensive healthcare llc,['Mohamed Kamara']
Karaman Language Solutions,karaman language solutions llc,J5LLMNDMRVW1,8CD26,"23592 Buckland Farm TER,Ashburn, Virginia,20148-6305, United States","23592 Buckland Farm TER,Ashburn, Virginia,20148-6305, United States",https://www.karamandc.com/,"Nov 21, 2017","Mukaddes Sahin, Founder and President","Mukaddes Sahin, Founder and CEO","Virginia, United States",Virginia 10,0,['Mukaddes Sahin'],karaman language solutions,['Mukaddes Sahin'],karaman language solutions,['Mukaddes Sahin']
PZA innovation LLC,barter black llc,QM76NANPRM73,91F21,"10127 Prince PL APT 201,Upper Marlboro, Maryland,20774-1126, United States","10127 Prince PL,APT 201,Upper Marlboro, Maryland,20774-1126, United States",https://www.ibarterblack.com/,"Jan 1, 2021","Nicole J Murphy, CEO","Nicole J Murphy, CEO","Maryland, United States",Maryland 04,0,['Nicole Murphy'],barter black,['Nicole Murphy'],barter black,['Nicole Murphy']
Redhelm Labs,redhelm labs llc,XYFQDVGF8WM5,9M7X9,"9122 Baltimore AVE APT 3002,College Park, Maryland,20740-1370, United States","9122 Baltimore AVE APT 3002,College Park, Maryland,20740-1370, United States",https://www.redhelmlabs.com/,"Apr 25, 2023","Neil Sorkin, CEO","Neil Sorkin, CEO","Maryland, United States",Maryland 04,0,['Neil Sorkin'],redhelm labs,"['Ojo Akinwale', 'Neil Sorkin']",redhelm labs,['Neil Sorkin']
